CHROM,START,END,SIZE,QUAL,FILTER,SVTYPE
chr21,5227400,5227561,161,240.0,PASS,DEL
chr21,5227477,41545919,36318442,120.0,LowQual,INV
chr21,5231410,5231442,32,180.0,PASS,DEL
chr21,5242021,5242524,503,120.0,LowQual,DEL
chr21,5248247,5248647,400,120.0,LowQual,DEL
chr21,5291906,8035546,2743640,21.0,LowQual,DUP
chr21,5292139,5298256,6117,21.0,LowQual,DUP
chr21,5292329,10755289,5462960,120.0,LowQual,INV
chr21,5296978,7225877,1928899,18.0,LowQual,DEL
chr21,5312293,44091742,38779449,30.0,LowQual,INV
chr21,5312295,25350434,20038139,80.0,LowQual,DEL
chr21,5313072,12984442,7671370,111.0,PASS,INV
chr21,5313193,12984263,7671070,68.0,PASS,INV
chr21,5316526,7246105,1929579,155.0,LowQual,DUP
chr21,5317498,10778114,5460616,31.0,LowQual,INV
chr21,5324337,7255365,1931028,37.0,LowQual,DUP
chr21,5324384,7288047,1963663,22.0,LowQual,INV
chr21,5324569,7254887,1930318,6.0,LowQual,DEL
chr21,5327858,7257867,1930009,350.0,PASS,DEL
chr21,5327902,7259600,1931698,391.0,PASS,DUP
chr21,5327919,7957654,2629735,46.0,LowQual,INV
chr21,5329289,10706892,5377603,35.0,LowQual,INV
chr21,5329488,7261158,1931670,14.0,LowQual,DEL
chr21,5329752,9248489,3918737,10.0,LowQual,DUP
chr21,5329775,10705398,5375623,11.0,LowQual,INV
chr21,5333666,5335449,1783,98.0,LowQual,DEL
chr21,5342016,7250042,1908026,16.0,LowQual,INV
chr21,5344174,7254588,1910414,14.0,LowQual,INV
chr21,5357761,10785166,5427405,120.0,LowQual,DUP
chr21,5379286,10796193,5416907,14.0,LowQual,DUP
chr21,5385884,10802284,5416400,70.0,LowQual,DEL
chr21,6070559,43468162,37397603,650.0,PASS,INV
chr21,6427484,43035906,36608422,120.0,LowQual,DUP
chr21,6551641,43159930,36608289,116.0,PASS,DEL
chr21,6565394,6566202,808,27.0,LowQual,DUP
chr21,6565963,6566256,293,16.0,LowQual,DUP
chr21,7213493,7243105,29612,8.0,LowQual,INV
chr21,7246106,7246693,587,74.0,LowQual,DEL
chr21,7247127,10759659,3512532,206.0,PASS,DEL
chr21,7247131,10778302,3531171,186.0,PASS,INV
chr21,7247274,10759804,3512530,98.0,LowQual,DUP
chr21,7247281,10778075,3530794,361.0,LowQual,INV
chr21,7250090,12980731,5730641,22.0,LowQual,DEL
chr21,7255160,7288036,32876,25.0,LowQual,INV
chr21,7257803,10656406,3398603,256.0,PASS,INV
chr21,7257883,10729084,3471201,26.0,LowQual,INV
chr21,7257971,10670713,3412742,39.0,LowQual,INV
chr21,7257998,7258841,843,23.0,LowQual,DEL
chr21,7258083,10705277,3447194,47.0,LowQual,INV
chr21,7258137,7259128,991,133.0,LowQual,DUP
chr21,7258244,10722346,3464102,35.0,LowQual,INV
chr21,7258278,10722752,3464474,24.0,LowQual,INV
chr21,7258348,10732028,3473680,46.0,LowQual,INV
chr21,7258351,10693061,3434710,15.0,LowQual,INV
chr21,7258613,7957164,698551,189.0,LowQual,INV
chr21,7258624,10738024,3479400,43.0,LowQual,INV
chr21,7258673,7261101,2428,45.0,LowQual,DEL
chr21,7258701,7261308,2607,74.0,LowQual,DUP
chr21,7258738,7956127,697389,21.0,LowQual,INV
chr21,7258799,7259267,468,23.0,LowQual,DEL
chr21,7258799,9248534,1989735,24.0,LowQual,DEL
chr21,7258940,9246281,1987341,15.0,LowQual,DUP
chr21,7258960,10701906,3442946,27.0,LowQual,INV
chr21,7258992,10656364,3397372,31.0,LowQual,INV
chr21,7258994,10703308,3444314,27.0,LowQual,INV
chr21,7258997,7956371,697374,76.0,PASS,INV
chr21,7259006,10732027,3473021,60.0,LowQual,INV
chr21,7259235,10731915,3472680,17.0,LowQual,INV
chr21,7259352,9246675,1987323,31.0,LowQual,DEL
chr21,7259354,9247521,1988167,26.0,LowQual,DEL
chr21,7259692,7261212,1520,23.0,LowQual,DEL
chr21,7259817,10692364,3432547,20.0,LowQual,INV
chr21,7260239,10656406,3396167,11.0,LowQual,INV
chr21,7260537,10709455,3448918,50.0,LowQual,INV
chr21,7261058,10703060,3442002,35.0,LowQual,INV
chr21,7261106,10705080,3443974,46.0,LowQual,INV
chr21,7261266,10671874,3410608,240.0,PASS,INV
chr21,7261266,7957242,695976,12.0,LowQual,INV
chr21,7261273,10732033,3470760,33.0,LowQual,INV
chr21,7261291,10707097,3445806,34.0,LowQual,INV
chr21,7261300,10708479,3447179,17.0,LowQual,INV
chr21,7261306,9247360,1986054,48.0,LowQual,DEL
chr21,7261317,7956286,694969,20.0,LowQual,INV
chr21,7261335,10736405,3475070,22.0,LowQual,INV
chr21,7261586,10709684,3448098,10.0,LowQual,INV
chr21,7261823,7956908,695085,25.0,LowQual,INV
chr21,7269905,12984284,5714379,43.0,LowQual,INV
chr21,7270055,12991731,5721676,20.0,LowQual,INV
chr21,7289424,7289786,362,54.0,LowQual,DEL
chr21,7308405,10794832,3486427,31.0,LowQual,DEL
chr21,7316279,10802283,3486004,38.0,LowQual,DEL
chr21,7325483,10811118,3485635,70.0,LowQual,DUP
chr21,7918091,7928463,10372,10.0,LowQual,DUP
chr21,7918093,7931503,13410,29.0,LowQual,DUP
chr21,7918256,10699949,2781693,117.0,LowQual,DUP
chr21,7920259,7930913,10654,161.0,PASS,DUP
chr21,7920419,7936134,15715,134.0,PASS,DEL
chr21,7920815,7920815,45,222.0,PASS,INS
chr21,7920816,10657084,2736268,120.0,LowQual,DUP
chr21,7922755,10736567,2813812,53.0,LowQual,DUP
chr21,7923779,7924605,826,47.0,LowQual,DUP
chr21,7925234,10692961,2767727,26.0,LowQual,DUP
chr21,7926165,7957755,31590,20.0,LowQual,DUP
chr21,7926320,10692768,2766448,132.0,LowQual,DEL
chr21,7926552,10662463,2735911,20.0,LowQual,DUP
chr21,7926574,10678611,2752037,77.0,PASS,DUP
chr21,7926587,7926627,40,240.0,PASS,DEL
chr21,7927206,9247999,1320793,122.0,PASS,INV
chr21,7927244,10692901,2765657,47.0,LowQual,DUP
chr21,7927255,7927285,30,120.0,LowQual,DEL
chr21,7927278,10708829,2781551,24.0,LowQual,DUP
chr21,7927346,10692737,2765391,122.0,LowQual,DEL
chr21,7928044,7928350,306,105.0,PASS,DEL
chr21,7928480,7951282,22802,11.0,LowQual,DEL
chr21,7929971,10703280,2773309,60.0,PASS,DUP
chr21,7930036,7955709,25673,22.0,LowQual,DEL
chr21,7931900,7934994,3094,57.0,PASS,DEL
chr21,7932816,7932861,45,240.0,PASS,DEL
chr21,7933867,10665421,2731554,28.0,LowQual,DEL
chr21,7935664,7935704,40,177.0,PASS,DEL
chr21,7938278,10668256,2729978,41.0,LowQual,DUP
chr21,7938285,7939590,1305,45.0,LowQual,DEL
chr21,7938423,10724791,2786368,61.0,LowQual,DEL
chr21,7938437,10692594,2754157,37.0,LowQual,DEL
chr21,7938496,7938536,40,120.0,LowQual,DEL
chr21,7939630,10731267,2791637,30.0,LowQual,DEL
chr21,7942325,9246893,1304568,102.0,LowQual,INV
chr21,7943554,7943880,326,120.0,LowQual,DEL
chr21,7943956,10725720,2781764,51.0,LowQual,DEL
chr21,7944551,10692712,2748161,98.0,LowQual,DEL
chr21,7944552,10655445,2710893,20.0,LowQual,DEL
chr21,7947053,10731267,2784214,19.0,LowQual,DEL
chr21,7947823,7947823,30,180.0,PASS,INS
chr21,7948598,10678228,2729630,120.0,LowQual,DEL
chr21,7948930,10696773,2747843,43.0,LowQual,DEL
chr21,7950045,7956349,6304,36.0,LowQual,DUP
chr21,7950114,7952558,2444,104.0,LowQual,DEL
chr21,7950186,10709683,2759497,20.0,LowQual,DUP
chr21,7950196,10712582,2762386,180.0,PASS,DEL
chr21,7951311,7951351,40,780.0,PASS,DEL
chr21,7951920,10707375,2755455,18.0,LowQual,DEL
chr21,7952830,7953253,423,120.0,LowQual,DEL
chr21,7953836,10724275,2770439,56.0,PASS,DEL
chr21,7955026,10736319,2781293,300.0,PASS,DEL
chr21,7955698,10703308,2747610,32.0,LowQual,DUP
chr21,7955990,10696272,2740282,34.0,LowQual,DEL
chr21,7956352,7956387,35,660.0,PASS,DEL
chr21,7956397,10725980,2769583,35.0,LowQual,DEL
chr21,7957245,9247696,1290451,15.0,LowQual,INV
chr21,7957599,7957639,40,120.0,LowQual,DEL
chr21,7957723,10706938,2749215,16.0,LowQual,DEL
chr21,7961006,7962672,1666,180.0,PASS,DEL
chr21,7962646,10813231,2850585,61.0,LowQual,INV
chr21,7963122,10812933,2849811,60.0,LowQual,INV
chr21,7969772,10791467,2821695,48.0,LowQual,INV
chr21,8015998,8022252,6254,30.0,LowQual,DEL
chr21,8038344,8040125,1781,18.0,LowQual,DUP
chr21,8214881,8214913,32,32.0,LowQual,DEL
chr21,8219970,8220016,46,536.0,PASS,DEL
chr21,8219995,8220137,142,240.0,PASS,DEL
chr21,8220047,8234611,14564,72.0,LowQual,DUP
chr21,8220076,8220110,34,180.0,PASS,DEL
chr21,8220122,32771991,24551869,1263.0,PASS,INV
chr21,8220141,8230681,10540,115.0,PASS,DEL
chr21,8220178,8220206,28,513.0,PASS,DEL
chr21,8220204,8420390,200186,77.0,PASS,DEL
chr21,8220209,8234476,14267,51.0,LowQual,DEL
chr21,8220705,8220731,26,304.0,PASS,DEL
chr21,8222572,8449790,227218,10.0,LowQual,DUP
chr21,8222801,8222833,32,6.0,LowQual,DEL
chr21,8228737,29457517,21228780,46.0,LowQual,DEL
chr21,8228850,8420413,191563,36.0,LowQual,DEL
chr21,8230657,8234615,3958,30.0,LowQual,DUP
chr21,8230675,8462222,231547,82.0,PASS,DUP
chr21,8230720,32771870,24541150,76.0,PASS,INV
chr21,8231412,8231447,35,81.0,PASS,DEL
chr21,8233107,8234309,1202,172.0,LowQual,DUP
chr21,8234120,8234535,415,100.0,LowQual,DUP
chr21,8234645,8420240,185595,63.0,LowQual,DEL
chr21,8392602,8392643,41,200.0,PASS,DEL
chr21,8405599,27186862,18781263,10.0,LowQual,DEL
chr21,8405601,40428234,32022633,10.0,LowQual,DEL
chr21,8405608,42077002,33671394,14.0,LowQual,DEL
chr21,8405610,41561687,33156077,17.0,LowQual,INV
chr21,8405612,29830361,21424749,11.0,LowQual,INV
chr21,8405613,43018523,34612910,19.0,LowQual,INV
chr21,8405623,22651705,14246082,12.0,LowQual,DEL
chr21,8405627,8449898,44271,58.0,LowQual,DEL
chr21,8405800,8405832,32,28.0,LowQual,DEL
chr21,8420247,8464863,44616,864.0,PASS,DUP
chr21,8420565,8465290,44725,40.0,LowQual,DEL
chr21,8420619,8420645,26,577.0,PASS,DEL
chr21,8449916,33577604,25127688,30.0,LowQual,INV
chr21,8456417,8456459,42,21.0,LowQual,DEL
chr21,8462144,32771859,24309715,83.0,LowQual,INV
chr21,8465200,8465226,26,481.0,PASS,DEL
chr21,8554766,8554794,28,240.0,PASS,DEL
chr21,8594839,8594887,48,120.0,LowQual,DEL
chr21,8690188,33474775,24784587,120.0,LowQual,DEL
chr21,8764672,8764707,35,180.0,PASS,DEL
chr21,8778833,9116109,337276,12.0,LowQual,INV
chr21,8796828,8797503,675,59.0,LowQual,DEL
chr21,8798943,9362317,563374,48.0,PASS,DEL
chr21,8995509,8996667,1158,830.0,PASS,DEL
chr21,8995588,8995614,26,1200.0,PASS,DEL
chr21,8996093,31804439,22808346,120.0,LowQual,INV
chr21,9002903,9003205,302,143.0,PASS,DEL
chr21,9003392,10160525,1157133,54.0,LowQual,INV
chr21,9012415,9015175,2760,737.0,PASS,DEL
chr21,9026147,10137622,1111475,182.0,PASS,INV
chr21,9027708,9028031,323,120.0,LowQual,DEL
chr21,9032594,9032631,37,383.0,PASS,DEL
chr21,9097679,9097727,48,138.0,PASS,DEL
chr21,9115839,9115864,25,148.0,PASS,DEL
chr21,9141026,9186181,45155,17.0,LowQual,DUP
chr21,9152298,9302272,149974,14.0,LowQual,INV
chr21,9156921,9156956,35,231.0,PASS,DEL
chr21,9246088,10692679,1446591,109.0,PASS,INV
chr21,9246088,32281454,23035366,120.0,LowQual,DUP
chr21,9246088,9248013,1925,465.0,PASS,DUP
chr21,9246247,9246682,435,156.0,PASS,DEL
chr21,9246528,9248974,2446,57.0,LowQual,DUP
chr21,9246758,9248050,1292,28.0,LowQual,DUP
chr21,9246759,10716308,1469549,44.0,LowQual,INV
chr21,9246887,10737874,1490987,55.0,PASS,INV
chr21,9246916,10716372,1469456,60.0,LowQual,INV
chr21,9247098,9247865,767,610.0,PASS,DEL
chr21,9247202,10724473,1477271,38.0,LowQual,INV
chr21,9247439,9248529,1090,68.0,LowQual,DUP
chr21,9248022,10712084,1464062,32.0,LowQual,INV
chr21,9248544,10673961,1425417,38.0,LowQual,INV
chr21,9248908,10727333,1478425,18.0,LowQual,INV
chr21,9329979,9330551,572,93.0,PASS,DUP
chr21,9358663,9359042,379,72.0,LowQual,DEL
chr21,9529702,9529882,180,120.0,LowQual,DEL
chr21,9722737,9722772,35,720.0,PASS,DEL
chr21,9761943,9761943,26,300.0,PASS,INS
chr21,9781143,9781474,331,120.0,LowQual,DEL
chr21,9790175,9790204,29,180.0,PASS,DEL
chr21,9800660,9800690,30,120.0,LowQual,DEL
chr21,9801190,9801222,32,120.0,LowQual,DEL
chr21,9812672,9823911,11239,25.0,LowQual,DEL
chr21,9814096,9818309,4213,17.0,LowQual,DUP
chr21,9814104,9815481,1377,15.0,LowQual,DUP
chr21,9817005,9817037,32,63.0,LowQual,DEL
chr21,9818869,9821713,2844,22.0,LowQual,DUP
chr21,9819259,9823451,4192,41.0,LowQual,DEL
chr21,9819363,9823644,4281,46.0,LowQual,DUP
chr21,9821075,9823919,2844,25.0,LowQual,DEL
chr21,9821155,9822488,1333,50.0,LowQual,DEL
chr21,9874628,33446653,23572025,120.0,LowQual,DEL
chr21,9908431,9908462,31,300.0,PASS,DEL
chr21,9908437,10394434,485997,120.0,LowQual,DUP
chr21,9920123,9920596,473,120.0,LowQual,DEL
chr21,9927336,9927682,346,120.0,LowQual,DEL
chr21,9929801,9930167,366,120.0,LowQual,DEL
chr21,9981112,20226420,10245308,26.0,LowQual,INV
chr21,9997181,9997486,305,240.0,PASS,DEL
chr21,10009893,10010292,399,180.0,PASS,DEL
chr21,10014850,10015014,164,1200.0,PASS,DEL
chr21,10014940,21708277,11693337,132.0,PASS,INV
chr21,10072991,10325724,252733,11.0,LowQual,INV
chr21,10072994,10272503,199509,24.0,LowQual,DUP
chr21,10155630,10155680,50,120.0,LowQual,DEL
chr21,10270183,10274264,4081,213.0,LowQual,DUP
chr21,10270347,10325861,55514,12.0,LowQual,INV
chr21,10270519,10272346,1827,1719.0,LowQual,DEL
chr21,10271078,10325300,54222,87.0,PASS,INV
chr21,10271447,10324721,53274,213.0,PASS,INV
chr21,10271745,10324405,52660,1203.0,PASS,INV
chr21,10272336,10325622,53286,4086.0,LowQual,INV
chr21,10272509,10273350,841,107.0,LowQual,DEL
chr21,10272519,10273350,831,140.0,PASS,INV
chr21,10273351,16971047,6697696,316.0,PASS,INV
chr21,10273351,16971911,6698560,91.0,PASS,INV
chr21,10273391,20287878,10014487,70.0,LowQual,DEL
chr21,10274265,10325887,51622,33.0,LowQual,INV
chr21,10324720,10324771,51,145.0,PASS,DEL
chr21,10325621,42957496,32631875,51.0,LowQual,INV
chr21,10334884,10567117,232233,780.0,PASS,DEL
chr21,10360589,10360908,319,120.0,LowQual,DEL
chr21,10362598,10362943,345,120.0,LowQual,DEL
chr21,10365971,10366224,253,120.0,LowQual,DEL
chr21,10369410,10370078,668,387.0,PASS,DUP
chr21,10370331,10370685,354,286.0,PASS,DUP
chr21,10372854,15596840,5223986,300.0,PASS,INV
chr21,10372855,42359431,31986576,120.0,LowQual,INV
chr21,10373858,10378033,4175,240.0,PASS,DEL
chr21,10378188,10379230,1042,420.0,PASS,DEL
chr21,10379737,37161450,26781713,77.0,LowQual,DUP
chr21,10384363,10384389,26,600.0,PASS,DEL
chr21,10384478,10384504,26,350.0,PASS,DEL
chr21,10388084,10389597,1513,323.0,PASS,DEL
chr21,10394501,16095656,5701155,66.0,LowQual,INV
chr21,10395105,10430581,35476,360.0,PASS,DEL
chr21,10405788,10407604,1816,360.0,PASS,DEL
chr21,10418380,10418407,27,1200.0,PASS,DEL
chr21,10419918,10422623,2705,1493.0,PASS,DEL
chr21,10425573,10426008,435,120.0,LowQual,DEL
chr21,10426566,31785047,21358481,126.0,LowQual,INV
chr21,10426831,31784747,21357916,125.0,LowQual,INV
chr21,10426857,41806016,31379159,33.0,LowQual,INV
chr21,10438740,10439107,367,120.0,LowQual,DEL
chr21,10443498,10443816,318,120.0,LowQual,DEL
chr21,10445162,10445162,46,833.0,PASS,INS
chr21,10449948,10450321,373,120.0,LowQual,DEL
chr21,10458747,10459225,478,120.0,LowQual,DEL
chr21,10471357,40378598,29907241,120.0,LowQual,DUP
chr21,10475148,10475499,351,120.0,LowQual,DEL
chr21,10475719,10476286,567,3600.0,PASS,DEL
chr21,10479996,10480422,426,120.0,LowQual,DEL
chr21,10521536,10521536,31,360.0,PASS,INS
chr21,10576838,10576864,26,480.0,PASS,DEL
chr21,10578882,10579234,352,120.0,LowQual,DEL
chr21,10601862,10602170,308,111.0,LowQual,DEL
chr21,10620415,42316155,31695740,41.0,LowQual,INV
chr21,10638001,10638305,304,120.0,LowQual,DEL
chr21,10654302,10679656,25354,31.0,LowQual,DEL
chr21,10655528,10667173,11645,16.0,LowQual,DEL
chr21,10655548,10693097,37549,92.0,LowQual,DUP
chr21,10655623,10656322,699,32.0,LowQual,DEL
chr21,10655647,10692710,37063,171.0,LowQual,DEL
chr21,10656408,10716471,60063,43.0,LowQual,DEL
chr21,10656409,10692737,36328,43.0,LowQual,DEL
chr21,10656813,10658740,1927,26.0,LowQual,DEL
chr21,10656813,10692194,35381,14.0,LowQual,DEL
chr21,10658116,10667247,9131,12.0,LowQual,DUP
chr21,10658195,10662104,3909,260.0,PASS,DEL
chr21,10658195,10663923,5728,20.0,LowQual,DEL
chr21,10658696,10693052,34356,42.0,LowQual,DUP
chr21,10658812,10736319,77507,46.0,LowQual,DEL
chr21,10658815,10668178,9363,54.0,PASS,DEL
chr21,10658815,10675567,16752,22.0,LowQual,DEL
chr21,10659051,10692338,33287,17.0,LowQual,DEL
chr21,10660039,10668140,8101,55.0,LowQual,DEL
chr21,10660620,10684704,24084,701.0,PASS,DUP
chr21,10660829,10692901,32072,55.0,LowQual,DUP
chr21,10662185,10664020,1835,36.0,LowQual,DEL
chr21,10662971,10664598,1627,120.0,LowQual,DUP
chr21,10662974,10694190,31216,180.0,PASS,DUP
chr21,10663981,10693881,29900,38.0,LowQual,DEL
chr21,10664225,10668309,4084,84.0,LowQual,DEL
chr21,10664245,10664838,593,2056.0,PASS,DEL
chr21,10665672,10686588,20916,37.0,LowQual,DUP
chr21,10666772,10670514,3742,90.0,PASS,DEL
chr21,10667174,10693090,25916,42.0,LowQual,DUP
chr21,10667220,10674492,7272,66.0,LowQual,DEL
chr21,10668130,10672561,4431,39.0,LowQual,DUP
chr21,10668167,10692807,24640,8.0,LowQual,DUP
chr21,10668173,10688074,19901,100.0,LowQual,DUP
chr21,10668226,10669104,878,115.0,PASS,DEL
chr21,10668231,10692339,24108,26.0,LowQual,DEL
chr21,10668257,10696527,28270,45.0,LowQual,DEL
chr21,10668295,10713008,44713,52.0,LowQual,DEL
chr21,10668371,10705279,36908,110.0,PASS,DEL
chr21,10668940,10693101,24161,65.0,LowQual,DUP
chr21,10668950,10692436,23486,16.0,LowQual,DUP
chr21,10669010,10692807,23797,16.0,LowQual,DEL
chr21,10669117,10703254,34137,71.0,LowQual,DUP
chr21,10669483,10669514,31,420.0,PASS,DEL
chr21,10670693,10698555,27862,119.0,PASS,DEL
chr21,10670708,10692896,22188,42.0,LowQual,DUP
chr21,10671318,10671349,31,780.0,PASS,DEL
chr21,10673436,10673516,80,116.0,LowQual,DEL
chr21,10674558,10674588,30,540.0,PASS,DEL
chr21,10674578,10706259,31681,360.0,PASS,DEL
chr21,10676456,10676521,65,300.0,PASS,DEL
chr21,10678556,10678586,30,720.0,PASS,DEL
chr21,10678633,10682284,3651,120.0,LowQual,DUP
chr21,10678763,10691802,13039,46.0,LowQual,DEL
chr21,10683241,10683241,30,1200.0,PASS,INS
chr21,10683686,10737112,53426,360.0,PASS,DEL
chr21,10683692,10683692,35,239.0,PASS,INS
chr21,10685472,10692799,7327,16.0,LowQual,DEL
chr21,10686588,10695922,9334,24.0,LowQual,DEL
chr21,10690354,10690384,30,1076.0,PASS,DEL
chr21,10690392,10697812,7420,36.0,LowQual,DEL
chr21,10692364,10692394,30,600.0,PASS,DEL
chr21,10692676,10693101,425,83.0,LowQual,DUP
chr21,10692869,10711045,18176,36.0,LowQual,DEL
chr21,10692969,10703275,10306,29.0,LowQual,DUP
chr21,10693566,10693596,30,1020.0,PASS,DEL
chr21,10694327,10714521,20194,15.0,LowQual,DUP
chr21,10696559,10703273,6714,35.0,LowQual,DUP
chr21,10696774,10738184,41410,15.0,LowQual,DUP
chr21,10696862,10703197,6335,12.0,LowQual,DEL
chr21,10698428,10698482,54,108.0,LowQual,DEL
chr21,10698669,10698669,35,196.0,PASS,INS
chr21,10700959,10701581,622,40.0,LowQual,DUP
chr21,10701700,10711067,9367,27.0,LowQual,DEL
chr21,10701715,10729762,28047,24.0,LowQual,DEL
chr21,10701976,10705856,3880,164.0,PASS,DUP
chr21,10702065,10706474,4409,168.0,LowQual,DEL
chr21,10703118,10733551,30433,403.0,PASS,DEL
chr21,10703193,10711128,7935,19.0,LowQual,DUP
chr21,10703198,10720595,17397,45.0,LowQual,DUP
chr21,10703284,10734697,31413,42.0,LowQual,DEL
chr21,10705120,10711373,6253,42.0,LowQual,DUP
chr21,10705146,10731458,26312,47.0,LowQual,DUP
chr21,10705249,10707127,1878,41.0,LowQual,DUP
chr21,10705286,10716602,11316,158.0,LowQual,DUP
chr21,10705399,10724003,18604,26.0,LowQual,DEL
chr21,10705521,10705551,30,1020.0,PASS,DEL
chr21,10705565,10705898,333,120.0,LowQual,DEL
chr21,10705857,10706474,617,67.0,PASS,DEL
chr21,10706171,10706787,616,132.0,LowQual,DUP
chr21,10706171,10707478,1307,153.0,PASS,DUP
chr21,10706618,10707378,760,42.0,PASS,DEL
chr21,10707853,10729268,21415,61.0,LowQual,DEL
chr21,10711130,10722384,11254,12.0,LowQual,DEL
chr21,10712191,10730980,18789,12.0,LowQual,DEL
chr21,10712212,10724776,12564,22.0,LowQual,DEL
chr21,10714497,10731915,17418,41.0,LowQual,DEL
chr21,10716367,10731898,15531,51.0,LowQual,DEL
chr21,10716790,10719069,2279,120.0,LowQual,DEL
chr21,10716836,10738044,21208,88.0,PASS,DEL
chr21,10717273,10717653,380,120.0,LowQual,DEL
chr21,10719222,10719317,95,644.0,PASS,DEL
chr21,10720011,10720718,707,54.0,PASS,DUP
chr21,10722111,10728885,6774,479.0,PASS,DEL
chr21,10722797,10725846,3049,61.0,LowQual,DUP
chr21,10724573,10729837,5264,69.0,LowQual,DUP
chr21,10724692,10731267,6575,62.0,LowQual,DEL
chr21,10725682,10729387,3705,106.0,LowQual,DUP
chr21,10726072,10731388,5316,22.0,LowQual,DUP
chr21,10727363,10736320,8957,28.0,LowQual,DEL
chr21,10729253,10731368,2115,92.0,LowQual,DUP
chr21,10733283,12990097,2256814,62.0,LowQual,INV
chr21,10736484,10737990,1506,32.0,LowQual,DUP
chr21,10746298,10746581,283,81.0,LowQual,DUP
chr21,10748427,12980885,2232458,25.0,LowQual,INV
chr21,10753143,10753521,378,83.0,LowQual,DEL
chr21,10753526,12993787,2240261,223.0,LowQual,INV
chr21,10753729,12993988,2240259,64.0,LowQual,INV
chr21,10753975,10754398,423,399.0,PASS,DEL
chr21,10754006,10754891,885,298.0,PASS,DEL
chr21,10754826,10755249,423,871.0,PASS,DUP
chr21,10755581,10755994,413,770.0,PASS,DUP
chr21,10756806,10806206,49400,94.0,LowQual,DUP
chr21,10758496,10758849,353,120.0,LowQual,DEL
chr21,10759104,12984291,2225187,54.0,LowQual,DEL
chr21,10759806,10778301,18495,209.0,PASS,INV
chr21,10769164,10770077,913,2854.0,PASS,DEL
chr21,10776809,10776854,45,176.0,PASS,DEL
chr21,10785877,30368100,19582223,120.0,LowQual,DUP
chr21,10805451,10805945,494,150.0,PASS,DUP
chr21,10807136,10807736,600,20.0,LowQual,DEL
chr21,10812190,10812583,393,84.0,PASS,DEL
chr21,10814537,12989574,2175037,480.0,PASS,DEL
chr21,12965854,12967870,2016,120.0,LowQual,DUP
chr21,12984257,12991757,7500,34.0,LowQual,DUP
chr21,12984381,12991615,7234,128.0,PASS,DEL
chr21,12987124,12988997,1873,434.0,PASS,DEL
chr21,13087048,13087403,355,120.0,LowQual,DEL
chr21,13161339,40947034,27785695,127.0,PASS,DEL
chr21,13251115,15846101,2594986,108.0,LowQual,INV
chr21,13278442,13278523,81,721.0,PASS,DEL
chr21,13312974,13313332,358,82.0,LowQual,DEL
chr21,13435236,13435640,404,120.0,LowQual,DEL
chr21,13444519,13445832,1313,1080.0,PASS,DEL
chr21,13490575,13490608,33,120.0,LowQual,DEL
chr21,13871336,13890886,19550,93.0,LowQual,DUP
chr21,13878507,13898099,19592,356.0,PASS,DUP
chr21,13957690,13957760,70,660.0,PASS,DEL
chr21,13985280,14058734,73454,201.0,PASS,INV
chr21,14065652,40508733,26443081,120.0,LowQual,DUP
chr21,14088467,14089536,1069,1020.0,PASS,DEL
chr21,14094713,40378608,26283895,120.0,LowQual,INV
chr21,14219083,14219488,405,120.0,LowQual,DEL
chr21,14256931,14256968,37,660.0,PASS,DEL
chr21,14283218,14283581,363,120.0,LowQual,DEL
chr21,14352300,14352614,314,120.0,LowQual,DEL
chr21,14452840,14453207,367,120.0,LowQual,DEL
chr21,14631323,14631661,338,120.0,LowQual,DEL
chr21,14755731,14755731,36,300.0,PASS,INS
chr21,14902961,14903040,79,840.0,PASS,DEL
chr21,14978814,14979202,388,120.0,LowQual,DEL
chr21,15030858,15031841,983,37.0,LowQual,DUP
chr21,15030941,15031630,689,62.0,LowQual,DEL
chr21,15216058,15219132,3074,840.0,PASS,DEL
chr21,15306153,15306591,438,120.0,LowQual,DEL
chr21,15483413,15483735,322,120.0,LowQual,DEL
chr21,15596839,37280355,21683516,120.0,LowQual,DUP
chr21,15930269,15930653,384,120.0,LowQual,DEL
chr21,15939623,35630576,19690953,118.0,LowQual,INV
chr21,15982852,26231033,10248181,131.0,PASS,DEL
chr21,15982903,26231243,10248340,137.0,LowQual,DUP
chr21,16066649,16067025,376,111.0,LowQual,DEL
chr21,16096614,16096972,358,120.0,LowQual,DEL
chr21,16167147,41908242,25741095,120.0,LowQual,DUP
chr21,16184425,46464817,30280392,120.0,LowQual,INV
chr21,16216262,16216621,359,120.0,LowQual,DEL
chr21,16314042,35956896,19642854,120.0,LowQual,INV
chr21,16359906,16359948,42,351.0,PASS,DEL
chr21,16409831,25310094,8900263,254.0,PASS,DUP
chr21,16564734,16564734,72,240.0,PASS,INS
chr21,16920034,16920034,26,420.0,PASS,INS
chr21,16942715,31799673,14856958,180.0,PASS,INV
chr21,16971505,16971531,26,180.0,PASS,DEL
chr21,16979453,16979851,398,120.0,LowQual,DEL
chr21,17085169,17085235,66,360.0,PASS,DEL
chr21,17207204,17207622,418,120.0,LowQual,DEL
chr21,17240015,17241315,1300,660.0,PASS,DEL
chr21,17432382,17432417,35,354.0,PASS,DEL
chr21,17624471,17624832,361,120.0,LowQual,DEL
chr21,17680894,17681264,370,120.0,LowQual,DEL
chr21,17719438,17720146,708,28.0,LowQual,DUP
chr21,17719620,17720043,423,63.0,LowQual,DEL
chr21,17870389,17870734,345,120.0,LowQual,DEL
chr21,17954362,17956918,2556,120.0,LowQual,DEL
chr21,18293949,18294286,337,120.0,LowQual,DEL
chr21,18340724,18340751,27,480.0,PASS,DEL
chr21,18347482,36485319,18137837,120.0,LowQual,DEL
chr21,18424453,18424844,391,120.0,LowQual,DEL
chr21,18741195,18741677,482,120.0,LowQual,DEL
chr21,18859199,18859267,68,300.0,PASS,DEL
chr21,19021417,26825017,7803600,22.0,LowQual,INV
chr21,19253447,20213914,960467,177.0,PASS,INV
chr21,19901827,19902196,369,120.0,LowQual,DEL
chr21,20034604,20034634,30,420.0,PASS,DEL
chr21,20146885,20147197,312,120.0,LowQual,DEL
chr21,20222868,22253874,2031006,420.0,PASS,DUP
chr21,20226408,20226520,112,420.0,PASS,DEL
chr21,20288836,40518385,20229549,45.0,LowQual,INV
chr21,20460631,20460631,30,292.0,PASS,INS
chr21,20480843,20480843,29,480.0,PASS,INS
chr21,20579928,31776754,11196826,120.0,LowQual,DEL
chr21,20579932,31776782,11196850,180.0,PASS,DUP
chr21,20588180,20588483,303,12.0,LowQual,DUP
chr21,20980753,20980753,37,300.0,PASS,INS
chr21,21095442,21095848,406,120.0,LowQual,DEL
chr21,21180041,21180383,342,110.0,LowQual,DEL
chr21,21298591,39499246,18200655,240.0,PASS,INV
chr21,21530295,21530325,30,180.0,PASS,DEL
chr21,21636268,21636695,427,120.0,LowQual,DEL
chr21,21831458,21831484,26,780.0,PASS,DEL
chr21,21831471,25310098,3478627,180.0,PASS,DUP
chr21,21938636,21939038,402,120.0,LowQual,DEL
chr21,22034847,41736028,19701181,120.0,LowQual,DUP
chr21,22253886,27921241,5667355,480.0,PASS,INV
chr21,22300004,22300004,31,119.0,LowQual,INS
chr21,22419775,22419775,34,120.0,LowQual,INS
chr21,22456634,22456664,30,480.0,PASS,DEL
chr21,22552255,22552629,374,120.0,LowQual,DEL
chr21,22572231,34926557,12354326,108.0,PASS,DEL
chr21,22812937,22812988,51,420.0,PASS,DEL
chr21,22845740,22846055,315,120.0,LowQual,DEL
chr21,22933062,22933437,375,112.0,LowQual,DEL
chr21,23002473,23003087,614,1140.0,PASS,DEL
chr21,23072418,23072502,84,378.0,PASS,DEL
chr21,23120958,23120985,27,240.0,PASS,DEL
chr21,23257679,26639807,3382128,180.0,PASS,INV
chr21,23369910,23370224,314,660.0,PASS,DEL
chr21,23456642,23456945,303,360.0,PASS,DEL
chr21,23701833,23702261,428,120.0,LowQual,DEL
chr21,23769697,23769726,29,480.0,PASS,DEL
chr21,23771504,23771973,469,108.0,LowQual,DEL
chr21,23827774,23828108,334,120.0,LowQual,DEL
chr21,23891100,23891128,28,600.0,PASS,DEL
chr21,24016338,24016410,72,720.0,PASS,DEL
chr21,24164355,41725138,17560783,120.0,LowQual,DEL
chr21,24243264,24243581,317,120.0,LowQual,DEL
chr21,24367069,44440300,20073231,176.0,PASS,DUP
chr21,24576321,24576687,366,120.0,LowQual,DEL
chr21,24603766,24603766,29,360.0,PASS,INS
chr21,24664874,24664874,26,420.0,PASS,INS
chr21,24687002,24687352,350,120.0,LowQual,DEL
chr21,24767419,30228865,5461446,120.0,LowQual,INV
chr21,24969738,24969787,49,180.0,PASS,DEL
chr21,24972164,24973449,1285,1260.0,PASS,DEL
chr21,25452819,25453086,267,1200.0,PASS,DEL
chr21,25582050,41093586,15511536,113.0,LowQual,DEL
chr21,25588031,26849021,1260990,120.0,LowQual,INV
chr21,25615990,25616410,420,120.0,LowQual,DEL
chr21,25969905,25969905,30,420.0,PASS,INS
chr21,26001836,26002390,554,1740.0,PASS,INV
chr21,26001844,26002385,541,2400.0,PASS,INV
chr21,26150602,35419928,9269326,120.0,LowQual,DEL
chr21,26150626,26150626,28,286.0,PASS,INS
chr21,26256729,26256761,32,660.0,PASS,DEL
chr21,26266693,26266719,26,420.0,PASS,DEL
chr21,26560237,26560538,301,120.0,LowQual,DEL
chr21,26630733,39492494,12861761,120.0,LowQual,DUP
chr21,26638129,26638161,32,660.0,PASS,DEL
chr21,26638324,31112426,4474102,185.0,PASS,INV
chr21,26639728,26639800,72,617.0,PASS,DEL
chr21,26648365,26649406,1041,2160.0,PASS,INV
chr21,26648369,26649406,1037,383.0,PASS,INV
chr21,26677026,26677432,406,120.0,LowQual,DEL
chr21,26780315,26780789,474,120.0,LowQual,DEL
chr21,26782393,26782696,303,120.0,LowQual,DEL
chr21,26856704,39744440,12887736,120.0,PASS,INV
chr21,26935598,26935967,369,120.0,LowQual,DEL
chr21,26989255,26989293,38,240.0,PASS,DEL
chr21,27055679,27056042,363,120.0,LowQual,DEL
chr21,27207073,27207100,27,1020.0,PASS,DEL
chr21,27322696,27322724,28,1200.0,PASS,DEL
chr21,27449895,27450199,304,120.0,LowQual,DEL
chr21,27602496,27602908,412,120.0,LowQual,DEL
chr21,27626994,27627397,403,38.0,LowQual,DUP
chr21,27746225,27746570,345,120.0,LowQual,DEL
chr21,28051174,28051204,30,374.0,PASS,DEL
chr21,28210841,28210889,48,360.0,PASS,DEL
chr21,28238781,28239190,409,120.0,LowQual,DEL
chr21,28366284,28366314,30,111.0,LowQual,DEL
chr21,28417258,28417258,26,226.0,PASS,INS
chr21,28454074,28454488,414,120.0,LowQual,DEL
chr21,28544458,36662691,8118233,120.0,LowQual,INV
chr21,28722207,28722567,360,120.0,LowQual,DEL
chr21,28763136,28763518,382,120.0,LowQual,DEL
chr21,28784859,28785260,401,120.0,LowQual,DEL
chr21,28880914,28881340,426,120.0,LowQual,DEL
chr21,28891340,28891866,526,489.0,PASS,DEL
chr21,29010489,33933005,4922516,240.0,PASS,INV
chr21,29010512,36518533,7508021,344.0,PASS,DEL
chr21,29118189,36241206,7123017,85.0,LowQual,INV
chr21,29118189,42134021,13015832,120.0,LowQual,DUP
chr21,29121055,29121055,30,480.0,PASS,INS
chr21,29179903,29180257,354,900.0,PASS,DEL
chr21,29229495,29229835,340,660.0,PASS,DEL
chr21,29252524,29252904,380,120.0,LowQual,DEL
chr21,29560279,29560307,28,120.0,LowQual,DEL
chr21,29577763,29578072,309,120.0,LowQual,DEL
chr21,29734391,29734426,35,660.0,PASS,DEL
chr21,29750264,31010361,1260097,120.0,LowQual,INV
chr21,29876635,29877038,403,180.0,PASS,DEL
chr21,29944115,29944694,579,120.0,LowQual,DEL
chr21,29953519,29953870,351,120.0,LowQual,DEL
chr21,29973159,29973560,401,120.0,LowQual,DEL
chr21,30324481,30324847,366,120.0,LowQual,DEL
chr21,30353905,30354283,378,120.0,LowQual,DEL
chr21,30495178,30495486,308,120.0,LowQual,DEL
chr21,30562382,30562382,28,360.0,PASS,INS
chr21,30570850,30571289,439,75.0,PASS,DUP
chr21,30666983,30667285,302,120.0,LowQual,DEL
chr21,30741926,30742321,395,46.0,LowQual,DUP
chr21,30951662,30951694,32,360.0,PASS,DEL
chr21,31193009,31193377,368,120.0,LowQual,DEL
chr21,31229608,31229936,328,180.0,PASS,DEL
chr21,31265949,31266342,393,120.0,LowQual,DEL
chr21,31394578,31394922,344,120.0,LowQual,DEL
chr21,31544310,31544418,108,871.0,PASS,DEL
chr21,31595554,31595582,28,660.0,PASS,DEL
chr21,31622131,31622154,23,300.0,PASS,DEL
chr21,31784576,31785052,476,44.0,LowQual,DUP
chr21,31784624,31785286,662,162.0,PASS,DEL
chr21,31784882,43262762,11477880,207.0,LowQual,INV
chr21,31785052,41805993,10020941,38.0,LowQual,DEL
chr21,31785221,46091211,14305990,29.0,LowQual,INV
chr21,31868314,31868344,30,360.0,PASS,DEL
chr21,31916772,44468480,12551708,197.0,PASS,DUP
chr21,32030152,32030592,440,421.0,PASS,DUP
chr21,32276449,32277523,1074,111.0,LowQual,INV
chr21,32319037,32319374,337,120.0,LowQual,DEL
chr21,32362533,32362842,309,120.0,LowQual,DEL
chr21,32456586,32457031,445,97.0,LowQual,DEL
chr21,32468438,32468473,35,480.0,PASS,DEL
chr21,32487735,32488589,854,240.0,LowQual,INV
chr21,32526858,32527164,306,120.0,LowQual,DEL
chr21,32892683,32892711,28,240.0,PASS,DEL
chr21,33120272,33120660,388,72.0,LowQual,DEL
chr21,33131720,33132042,322,120.0,LowQual,DEL
chr21,33151819,42385023,9233204,120.0,LowQual,INV
chr21,33563398,33563447,49,600.0,PASS,DEL
chr21,33577604,33577632,28,180.0,PASS,DEL
chr21,33655215,33655569,354,120.0,LowQual,DEL
chr21,33825427,33825754,327,120.0,LowQual,DEL
chr21,33870209,33870623,414,63.0,LowQual,DEL
chr21,33876121,33876151,30,720.0,PASS,DEL
chr21,33985284,41672825,7687541,120.0,LowQual,DUP
chr21,34306510,34306510,27,180.0,PASS,INS
chr21,35072378,35072420,42,180.0,PASS,DEL
chr21,35248759,35249176,417,120.0,LowQual,DEL
chr21,35330104,35330461,357,120.0,LowQual,DEL
chr21,35419974,45061422,9641448,120.0,LowQual,INV
chr21,35642665,35642870,205,540.0,PASS,DEL
chr21,35769248,35769275,27,300.0,PASS,DEL
chr21,35960267,35960267,26,180.0,PASS,INS
chr21,36137503,36137531,28,896.0,PASS,DEL
chr21,36144856,39134816,2989960,20.0,LowQual,INV
chr21,36160056,36160463,407,120.0,LowQual,DEL
chr21,36161995,36162346,351,120.0,LowQual,DEL
chr21,36370646,40508756,4138110,120.0,LowQual,DUP
chr21,36484957,36485319,362,886.0,PASS,DEL
chr21,36490877,36491254,377,120.0,LowQual,DEL
chr21,36497101,44407131,7910030,130.0,LowQual,INV
chr21,36497105,44407154,7910049,120.0,LowQual,INV
chr21,37063495,37063531,36,120.0,LowQual,DEL
chr21,37364489,37364898,409,120.0,LowQual,DEL
chr21,37479610,38218613,739003,120.0,LowQual,DEL
chr21,37522568,37522894,326,120.0,LowQual,DEL
chr21,37617028,37617063,35,240.0,PASS,DEL
chr21,37655210,37655240,30,240.0,PASS,DEL
chr21,37667614,37667643,29,480.0,PASS,DEL
chr21,37677772,45340461,7662689,240.0,PASS,DUP
chr21,37677776,45340394,7662618,120.0,LowQual,DEL
chr21,37756907,37757323,416,67.0,LowQual,DEL
chr21,37757318,37757654,336,162.0,PASS,DUP
chr21,37790444,37790820,376,120.0,LowQual,DEL
chr21,37823947,37823947,87,120.0,LowQual,INS
chr21,37860887,37860934,47,660.0,PASS,DEL
chr21,37983168,39104173,1121005,120.0,LowQual,INV
chr21,38201662,38201690,28,120.0,LowQual,DEL
chr21,38215946,38216261,315,120.0,LowQual,DEL
chr21,38218604,38218950,346,2280.0,PASS,DEL
chr21,38465200,38465573,373,120.0,LowQual,DEL
chr21,38586176,38586204,28,420.0,PASS,DEL
chr21,38874641,42408917,3534276,120.0,LowQual,DUP
chr21,38913836,38914022,186,169.0,PASS,DUP
chr21,38933384,38933411,27,720.0,PASS,DEL
chr21,38994792,38994818,26,600.0,PASS,DEL
chr21,39104137,39104173,36,120.0,LowQual,DEL
chr21,39489749,39490127,378,120.0,LowQual,DEL
chr21,39499255,39499255,28,480.0,PASS,INS
chr21,39554952,39555034,82,641.0,PASS,DEL
chr21,39559924,39559953,29,480.0,PASS,DEL
chr21,39947945,39948312,367,120.0,LowQual,DEL
chr21,40026857,40035138,8281,327.0,PASS,INV
chr21,40084501,40084529,28,300.0,PASS,DEL
chr21,40156313,44599134,4442821,120.0,LowQual,INV
chr21,40162007,40162368,361,120.0,LowQual,DEL
chr21,40214938,40215263,325,660.0,PASS,DEL
chr21,40348112,40348511,399,88.0,LowQual,DUP
chr21,40498731,40498805,74,292.0,PASS,DEL
chr21,40508742,40508769,27,240.0,PASS,DEL
chr21,40530879,40530931,52,180.0,PASS,DEL
chr21,40585321,40585440,119,420.0,PASS,DEL
chr21,40686214,40993646,307432,120.0,LowQual,DUP
chr21,40909931,40910248,317,120.0,LowQual,DEL
chr21,40919810,40920246,436,120.0,LowQual,DEL
chr21,40949602,40949923,321,120.0,LowQual,DEL
chr21,41020985,41021013,28,300.0,PASS,DEL
chr21,41023121,41023149,28,475.0,PASS,DEL
chr21,41456727,41457095,368,120.0,LowQual,DEL
chr21,41540011,41540460,449,1500.0,PASS,DEL
chr21,41545933,41545933,45,240.0,PASS,INS
chr21,41669256,41669298,42,600.0,PASS,DEL
chr21,41855914,41856386,472,120.0,LowQual,DEL
chr21,42019709,42020044,335,120.0,LowQual,DEL
chr21,42051812,42052114,302,120.0,LowQual,DEL
chr21,42053402,42053739,337,91.0,LowQual,DEL
chr21,42077515,42936721,859206,238.0,PASS,INV
chr21,42077702,42936646,858944,459.0,PASS,INV
chr21,42283808,42284209,401,414.0,PASS,DEL
chr21,42311350,42311375,25,300.0,PASS,DEL
chr21,42461746,42461746,35,300.0,PASS,INS
chr21,42476973,42477006,33,173.0,PASS,DEL
chr21,42510019,42510392,373,82.0,LowQual,DEL
chr21,42511233,42511693,460,120.0,LowQual,DEL
chr21,42530630,42530656,26,120.0,LowQual,DEL
chr21,42550768,42551129,361,120.0,LowQual,DEL
chr21,42569483,42569528,45,180.0,PASS,DEL
chr21,42646351,42646384,33,360.0,PASS,DEL
chr21,42841058,42841086,28,720.0,PASS,DEL
chr21,42841457,44919794,2078337,58.0,LowQual,INV
chr21,42879192,42879218,26,480.0,PASS,DEL
chr21,42882002,42882368,366,117.0,LowQual,DEL
chr21,42910683,42910721,38,293.0,PASS,DEL
chr21,42936598,42936931,333,102.0,LowQual,DEL
chr21,43262466,43262761,295,655.0,LowQual,DUP
chr21,43262489,43336517,74028,85.0,PASS,INV
chr21,43275717,43275747,30,235.0,PASS,DEL
chr21,43307154,43307544,390,120.0,LowQual,DEL
chr21,43846842,43847280,438,120.0,LowQual,DEL
chr21,43852197,43852228,31,24.0,LowQual,DEL
chr21,43990958,43990990,32,360.0,PASS,DEL
chr21,44334022,44334323,301,120.0,LowQual,DEL
chr21,44409541,44410103,562,51.0,LowQual,DEL
chr21,44410107,44410814,707,80.0,LowQual,DEL
chr21,44419516,44419900,384,499.0,PASS,DUP
chr21,44430402,44430728,326,2100.0,PASS,DEL
chr21,44440301,44440301,31,120.0,LowQual,INS
chr21,44468504,46622948,2154444,120.0,LowQual,INV
chr21,44503835,44503863,28,341.0,PASS,DEL
chr21,44550583,44628170,77587,298.0,PASS,INV
chr21,44551165,44702385,151220,42.0,LowQual,INV
chr21,44551342,44702313,150971,24.0,LowQual,INV
chr21,44573762,44592392,18630,480.0,PASS,INV
chr21,44574427,44600865,26438,69.0,LowQual,DEL
chr21,44591872,44600867,8995,43.0,LowQual,INV
chr21,44592001,44601135,9134,215.0,PASS,INV
chr21,44659281,44659307,26,240.0,PASS,DEL
chr21,44661928,45965740,1303812,41.0,LowQual,INV
chr21,44701718,44701752,34,900.0,PASS,DEL
chr21,44741600,44741636,36,120.0,LowQual,DEL
chr21,44750666,44750700,34,360.0,PASS,DEL
chr21,44834264,44834315,51,180.0,PASS,DEL
chr21,45073982,45074015,33,180.0,PASS,DEL
chr21,45155985,45156438,453,419.0,PASS,DUP
chr21,45191868,45191902,34,1020.0,PASS,DEL
chr21,45265645,45265678,33,240.0,PASS,DEL
chr21,45340402,45340691,289,69.0,PASS,DUP
chr21,45371448,45371790,342,120.0,LowQual,DEL
chr21,45405086,45405119,33,780.0,PASS,DEL
chr21,45437442,45437949,507,86.0,PASS,DEL
chr21,45442887,45443141,254,89.0,LowQual,DUP
chr21,45489857,45489886,29,300.0,PASS,DEL
chr21,45501701,45502056,355,120.0,LowQual,DEL
chr21,45506745,45506789,44,360.0,PASS,DEL
chr21,45507456,45507498,42,1020.0,PASS,DEL
chr21,45797608,45798133,525,2.0,LowQual,DEL
chr21,45797743,45798622,879,341.0,PASS,DUP
chr21,45844797,45844875,78,120.0,LowQual,DEL
chr21,45859286,45859330,44,720.0,PASS,DEL
chr21,45896423,45896909,486,241.0,PASS,DUP
chr21,45923795,45924168,373,91.0,PASS,DEL
chr21,45924019,45924510,491,15.0,LowQual,DUP
chr21,45968107,45969810,1703,1634.0,PASS,DEL
chr21,45990026,45990094,68,600.0,PASS,DEL
chr21,45999181,45999484,303,120.0,LowQual,DEL
chr21,46006398,46006431,33,207.0,PASS,DEL
chr21,46047647,46048358,711,65.0,LowQual,DEL
chr21,46047790,46048266,476,144.0,PASS,DUP
chr21,46069099,46069135,36,360.0,PASS,DEL
chr21,46090737,46091132,395,100.0,LowQual,DEL
chr21,46090942,46091424,482,113.0,PASS,DUP
chr21,46140385,46140749,364,194.0,PASS,DUP
chr21,46170482,46170815,333,21.0,LowQual,DEL
chr21,46183574,46183937,363,257.0,PASS,DEL
chr21,46193241,46193585,344,123.0,PASS,DEL
chr21,46237437,46238759,1322,960.0,PASS,DEL
chr21,46247481,46247481,29,337.0,PASS,INS
chr21,46250368,46250707,339,120.0,LowQual,DEL
chr21,46258419,46258835,416,120.0,LowQual,DEL
chr21,46269635,46270022,387,120.0,LowQual,DEL
chr21,46358990,46359364,374,120.0,LowQual,DEL
chr21,46603398,46603398,28,180.0,PASS,INS
